#Procedure: <auto_vdp_procedure.AutoVdpProcedure>
#Parameters:
#	VdPChip: 1 V
#	Config: 1
#	Device: 2 V
#	File Name: sweep
#	Gate Start V: 60 V
#	Gate Stop V: 120 V
#	Gate V Number of Steps: 4
#	Map 1 Chip ID: 05
#	Map 2 Chip ID: 06
#	Map 3 Chip ID: 03
#	VdPMobo Address: COM12
#	MoboFlip: 0
#	Study ID: S1
#	VdP I Number of Steps: 5
#	VdP Measurement Delay: 1 s
#	VdP Start I: 1e-08 A
#	VdP Stop I: 1e-06 A
#	Wafer ID: 08A
#Data:
timestamp,device,configuration,Gate Voltage (V),Gate Current (A),VdP Voltage (V),VdP Current (A),Resistance (ohm)
