#Procedure: <mobo_procedure.MoboVDProcedure>
#Parameters:
#	VdPChip: 1 V
#	Config: 0
#	Device: 2 V
#	File Name: sweep
#	Gate Start V: 60 V
#	Gate Stop V: 120 V
#	Gate V Number of Steps: 4
#	Map 1 Chip ID: 05
#	Map 2 Chip ID: 06
#	Map 3 Chip ID: 07
#	VdPMobo Address: COM12
#	MoboFlip: 0
#	Study ID: S1
#	VdP I Number of Steps: 6
#	VdP Measurement Delay: 1 s
#	VdP Start I: 1e-08 A
#	VdP Stop I: 1e-07 A
#	Wafer ID: 07A
#Data:
timestamp,device,configuration,Gate Voltage (V),Gate Current (A),VdP Voltage (V),VdP Current (A),Resistance (ohm)
7.578,nan,nan,60.0,1.54843e-09,0.100429955,1e-08,10042995.5
10.131,nan,nan,60.0,1.32868e-09,0.1437997,1.5848931924611143e-08,9073147.68490484
12.765,nan,nan,60.0,1.14853e-09,0.2102217,2.511886431509582e-08,8369076.617594607
15.235,nan,nan,60.0,1.29707e-09,0.3199031,3.981071705534969e-08,8035602.5628785305
