#Procedure: <auto_vdp_procedure.AutoVdpProcedure>
#Parameters:
#	VdPChip: 1 V
#	Config: 0
#	Device: 1 V
#	File Name: sweep
#	Gate Start V: 60 V
#	Gate Stop V: 120 V
#	Gate V Number of Steps: 4
#	Map 1 Chip ID: 01
#	Map 2 Chip ID: 02
#	Map 3 Chip ID: 03
#	VdPMobo Address: COM12
#	MoboFlip: 1
#	Study ID: S1
#	VdP I Number of Steps: 5
#	VdP Measurement Delay: 1 s
#	VdP Start I: 1e-08 A
#	VdP Stop I: 1e-06 A
#	Wafer ID: 07A
#Data:
timestamp,device,configuration,Gate Voltage (V),Gate Current (A),VdP Voltage (V),VdP Current (A),Resistance (ohm)
7.568,nan,nan,60.0,2.42109e-09,3.2672285,1e-08,326722850.0
10.222,nan,nan,60.0,1.82472e-09,6.187728,3.162277660168379e-08,195673140.21598366
12.727,nan,nan,60.0,1.3917e-09,16.291985,1e-07,162919850.0
15.198,nan,nan,60.0,1.4114e-09,18.588575,3.162277660168379e-07,58782235.45686443
17.675,nan,nan,60.0,1.58393e-08,19.028745,1e-06,19028745.0
21.82,nan,nan,80.0,3.61423e-09,0.06688349999999998,1e-08,6688349.999999998
25.119,nan,nan,80.0,3.31051e-09,0.189023665,3.162277660168379e-08,5977453.130726516
27.631,nan,nan,80.0,3.13598e-09,0.603108,1e-07,6031080.0
30.101,nan,nan,80.0,3.10926e-09,1.5809739999999999,3.162277660168379e-07,4999478.761507044
32.655,nan,nan,80.0,2.91167e-09,10.831814000000001,1e-06,10831814.000000002
