#Procedure: <auto_fet_procedure.AutoFETProcedure>
#Parameters:
#	Drain V: 0.1 V
#	Vg End: 120 V
#	Number of Repeat Cycles: 1
#	Vg Start: -30 V
#	Vg Step: 1 V
#	Vg Sweep Rate: 2 V/s
#	VdPChip: 1 V
#	Config: 1
#	Device: 1
#	File Name: sweep
#	Map 1 Chip ID: 13
#	Map 2 Chip ID: 15
#	Map 3 Chip ID: 16
#	MoboFlip: 1
#	Study ID: S1
#	VdP Address: COM12
#	Wafer ID: 08A
#Data:
timestamp,Gate Voltage (V),Gate Current (A),Drain Current (A)
0.0,-30.0,-9.96828e-08,-4.964986e-10
0.78,-29.0,2.35261e-08,-5.1113e-10
1.53,-28.0,2.51961e-08,0.001225549
2.446,-27.0,2.63281e-08,0.001225567
3.137,-26.0,2.66325e-08,0.001225572
3.827,-25.0,2.75414e-08,0.001225577
4.579,-24.0,2.7863e-08,0.00122559
5.271,-23.0,2.81207e-08,0.001225579
5.962,-22.0,2.881e-08,0.001225589
6.653,-21.0,2.87824e-08,0.001225582
7.345,-20.0,2.40508e-08,0.001225599
