#Procedure: <auto_fet_procedure.AutoFETProcedure>
#Parameters:
#	Drain V: 0.1 V
#	Vg End: 120 V
#	Number of Repeat Cycles: 1
#	Vg Start: -30 V
#	Vg Step: 1 V
#	Vg Sweep Rate: 2 V/s
#	VdPChip: 1 V
#	Config: 1
#	Device: 1
#	File Name: sweep
#	Map 1 Chip ID: 13
#	Map 2 Chip ID: 15
#	Map 3 Chip ID: 16
#	MoboFlip: 1
#	Study ID: S1
#	VdP Address: COM12
#	Wafer ID: 08A
#Data:
timestamp,Gate Voltage (V),Gate Current (A),Drain Current (A)
0.001,-30.0,-2.96011e-08,0.001216936
0.771,-29.0,-7.55498e-09,0.001216809
1.524,-28.0,2.69081e-08,0.001216862
2.215,-27.0,2.79064e-08,0.001217014
2.906,-26.0,2.88032e-08,0.001217146
