#Procedure: <auto_fet_procedure.AutoFETProcedure>
#Parameters:
#	Drain V: 0.1 V
#	Vg End: 120 V
#	Number of Repeat Cycles: 1
#	Vg Start: -30 V
#	Vg Step: 1 V
#	Vg Sweep Rate: 2 V/s
#	VdPChip: 2 V
#	Config: 1
#	Device: 2
#	File Name: sweep
#	Map 1 Chip ID: 13
#	Map 2 Chip ID: 15
#	Map 3 Chip ID: 16
#	MoboFlip: 1
#	Study ID: S1
#	VdP Address: COM12
#	Wafer ID: 08A
#Data:
timestamp,Gate Voltage (V),Gate Current (A),Drain Current (A)
0.001,-30.0,-4.69203e-08,0.001228002
0.833,-29.0,-1.6106e-08,0.001228005
1.587,-28.0,2.10309e-08,-7.252543e-10
2.348,-27.0,2.30813e-08,-5.664589e-10
3.043,-26.0,2.49023e-08,-4.288624e-10
3.748,-25.0,2.60736e-08,-3.33006e-10
4.441,-24.0,2.71755e-08,-2.772905e-10
5.134,-23.0,2.86552e-08,-2.18763e-10
