#Procedure: <auto_fet_procedure.AutoFETProcedure>
#Parameters:
#	Drain V: 0.1 V
#	Vg End: 120 V
#	Number of Repeat Cycles: 1
#	Vg Start: -30 V
#	Vg Step: 1 V
#	Vg Sweep Rate: 2 V/s
#	VdPChip: 2 V
#	Config: 1
#	Device: 1
#	File Name: sweep
#	Map 1 Chip ID: 13
#	Map 2 Chip ID: 15
#	Map 3 Chip ID: 16
#	MoboFlip: 1
#	Study ID: S1
#	VdP Address: COM12
#	Wafer ID: 08A
#Data:
timestamp,Gate Voltage (V),Gate Current (A),Drain Current (A)
0.002,-30.0,-8.4204e-08,0.001217436
0.825,-29.0,2.11412e-08,0.001226624
1.812,-28.0,2.41252e-08,0.001226633
2.54,-27.0,1.59741e-08,0.001226636
3.244,-26.0,2.76372e-08,0.001226636
